{"root":[{"assemblyName":"Fungus","nameSpace":"Fungus","className":"TMProLinkAnimator","methodName":"RegisterAutoAddTMPLinkAnim","loadTypes":0,"isUnityClass":false},{"assemblyName":"Fungus","nameSpace":"Fungus","className":"TMProLinkAnimator","methodName":"RegisterDefaultTMPLinkAnims","loadTypes":1,"isUnityClass":false},{"assemblyName":"com.unity.multiplayer-hlapi.Runtime","nameSpace":"UnityEngine.Networking","className":"NetworkIdentity","methodName":"OnRuntimeInitializeOnLoad","loadTypes":0,"isUnityClass":true}]}
